old_commit	new_commit	author_date	subject
f43509fadfff23ed2be0b6dd05992507571d267a	fe9c142e1e1b9b12099b7395b5479d79599b186a	2026-10-05T01:21:21+03:00	Author details from the author: Yildiz Technical University (Mechatronics Engineering), ORCID 0009-0007-0374-6755, no specific grant -- in both papers, CITATION.cff and the program overview
0914fac90918c39384afbd905f970a28aa97a54d	e2f65d57e064b204aeea6cfbeec81394b75e37e7	2026-10-05T00:44:38+03:00	Paper 2 Stage 1: competing-interest, funding (author to confirm) and generative-AI declarations
4e651edd21f8b4a7adf8f59a1e15aee04dcc1bd9	3f6c85f467458f58f403761c5c1b7c1c85a45931	2026-10-05T00:43:44+03:00	Back matter: AI-use declaration, funding (author to confirm), CRediT; outreach states the AI assistance
8c3c3146c58d2b0a7ef0bf46721d4025533ebf54	d2ace9214424eaefe5adb98e775da9c7c95165f4	2026-10-05T00:39:39+03:00	Round-3 N4 remainder: the L3 audit pair and the operator ratios say they are per pair / point estimates between best-of-grid arms
45a609ff2175db4c751cd974f0efab44e9fe983a	fe49dcebaa876c490f219529efc3563abe037a61	2026-10-05T00:38:10+03:00	Round-3 internal referee: L3 4/6 propagated everywhere, 'per-edge basis' not 'architecture', mode counts corrected, Fig. 1 and chemistry coverage
5fdcfc20932e14050301277121dae43d076fd513	099e943daa09146f029b1fdbade4fb371d08b9be	2026-10-05T00:21:54+03:00	Outreach overview: selection-paid-for practice added; round-3 internal referee report
8b034495c8c06d36c03cb4524b3937a78f6f2ba3	7b40f7bffa4e336d61583d82e9c143da9125c0e7	2026-10-05T00:21:01+03:00	PREREG_L5_v2 A3 (before any 24k verdict): the selection-adjusted interval is reported beside the frozen per-pair Q-L5 verdict
fef1ba866b1ab63dde54dd1b40945d505f117193	dd199cab1c585eb51f6059d6ea7b346fd477d0e2	2026-10-05T00:18:50+03:00	RESULTS.md: B75 noted where the working record still called the FNO significantly better
3f8dfae8224829d444cf6bf385c07dd10a79626e	DROPPED (touched only files not published)	2026-10-05T00:15:40+03:00	USER_ACTIONS: decisions, preprint steps, CPU sharing with other projects, optional IUPAC paper; Recycle Bin done
6956ee6c3f5924c7af279b96b2c2c37684842756	3a879703af2f73e2901a03cf6392e429c61ddee2	2026-10-05T00:13:19+03:00	Round-2 referee: last consistency items and the chemist-reader paragraphs
a585e78cbe11ee8a5d323baaa7009a00507c5a88	fe2fd169f463bc0856e7086083c5721b950fa9aa	2026-10-05T00:02:49+03:00	Round-2 referee N11/N12 and chemist clarity: isotherm, heat range, step exponent, Table 1, abstract
93e321a8203ffb9d1f2304ded3227deef477c0fe	8057c6fbd1b32326a9a9f5079fc3d85851a620a4	2026-10-04T23:48:59+03:00	Round-2 referee N9/N10: definitions and notation made single-valued
3d544b3a8faade986c56e4db449087a1243407c4	17f14381812876c75c287ca978b9176f1e851b32	2026-10-04T23:40:22+03:00	Round-2 referee N1/N3/N4/N8: withdrawn L4 no longer used as evidence; selection paid for on BOTH sides of L5 and L3 -- the FNO's 'significantly better' is withdrawn (B75)
53fe427489bbb5ffb8ec0ba390b58b3b39dae8af	36e0066a3ab3e72d4a9b2a352063879eb4b89474	2026-10-04T23:13:04+03:00	Figure 1 brought in line with the text (round-2 referee): the withdrawn L4 result is no longer drawn; L2 NOT ELIMINATED; no 'one survivor'; Damkohler null worded as a weak null; warp headroom over the fixed frame (2.27x, the text's figure)
bc73717c07e0e299a9dbef5b8335c9b20fb4c455	669e513b0b7bdf5829782e411acce55aed5d6f0b	2026-10-04T23:11:27+03:00	L5 analyser writes the pre-registered Q-L5 verdict words itself; macros for the L5-v2 24k and L4b-v3 results declared PENDING (a landing file refuses the build until the text is written)
2eec33b9b9e3675bcff39bb143ec02d57bcc25bd	DROPPED (touched only files not published)	2026-10-04T23:00:25+03:00	Outreach draft: a two-page program overview (Papers 1-4) for the author's letter to a prospective group, DRAFT until Paper 1's last runs report; the author's own paragraph left for the author
8f514ee190159570c7ccf3cde4a5a2541f186c5c	f3234cfd7cf2f08ff0ed2e1c508e3bdbde1997b3	2026-10-04T22:58:07+03:00	P2 verdict driver (p2_analyze.py): H2a-H2d from the result files in the pre-declared words, tested on a simulated grid with planted boundaries before any real result exists
ac0ec63380865a08e2a97ae530342aa04d8a887a	2eef4bae5a5a4f2c19b554a77d2863548a427c86	2026-10-04T22:55:23+03:00	P2: delta and eps_rec per cell from ground truth (H2a's R inputs); a latent bug fixed -- physics_for gave every non-'langmuir' label the MOF-303 isotherm, so the isothermal control would have got the wrong one
acab3bf79244159cbefa79ac49e03f7da06b6367	1c84b505026da86e8b0915713d6f546d85dd3d30	2026-10-04T22:53:42+03:00	P2: O1 identifiability -- the confirmatory side of H2b had no runner; now o1ident, 120x faster by the exact linear-LDF update, verified against the ODE likelihood
eb60908c93771879519d4f165a37aae6db3c1c7c	d15fe36df6c699634cd383765b30542ce2869f74	2026-10-04T22:39:05+03:00	RESULTS.md and CONTINUE_HERE.md bannered as working records: the paper is the current, checked source
6b7fb16ed5f1afa686e7634dcde9952916bfc2ab	d4cb75d864d066c94cbf5df598f9909412b53f03	2026-10-04T22:38:50+03:00	README and CITATION rewritten for a public reader: no stale claims ('six eliminated', 'the warp survives', old gate and ledger counts were all contradicted by the current paper), no numbers that can go stale, the pre-registration status stated honestly
d08167b05fa9b9f3e769cce55b847e29a0866f50	952056983b4aea974ebb35fe18c6358a643f45f3	2026-10-04T22:35:26+03:00	P2 analysis: a bug that would have blocked every H2a verdict fixed (success RISES with R; the Da boundary's falling-curve rule had been reused); selection-carrying best-method bootstrap; H2c words incl. a shift DOWN; stale test that encoded the bug corrected
3b8ea9612cb18b910f8a915d3fda788584b5e571	e0e263d56931ea5f22d2398c0fe2a1b6a8dca981	2026-10-04T22:21:51+03:00	P2 pre-freeze, third pass: every rule now stated once -- M5 (EIV best-subset on the grid; ODR-BINDy/WENDy on their own examples), M8 (subgrid, 300 s cost rule and its NOT RUN outcome in its own row), one L2 rule; H2c like-for-like; M6/M9 libraries written down
2cdf84bda3c4753a9ca3905558ea2ef1ef7fa222	7afd76ff83d01c988d70ae4adfc354a0822ca9a8	2026-10-04T22:15:24+03:00	P2: M8 NOT RUN on the grid by its pre-declared cost gate (1144 s per fit vs 300 s; ~69 h projected), measured on a shared machine and stated so
8f5a1089aa0609f92bfd2b8c30dd3f6a79983c82	b3e0684df9d33373b635b1233202df95612d022c	2026-10-04T22:06:49+03:00	P2: M7 grid runner behind its inclusion gate; M8 cost pilot (rule declared in the script before it runs: <= 300 s per fit, else NOT RUN on the grid)
dd56b9362d987c90788d9f6006abf46ba15e86c6	a47d1f304f3982e8b861cd6db1ae5878ae225608	2026-10-04T21:55:19+03:00	P2 M5 decided before the freeze: EIV best-subset (classical mixed LS-TLS inside M4's exact enumeration) on the full O1 grid; ODR-BINDy/WENDy reported on their own examples
35d488932014cbb9ec3531b3a68feaa1b5e19062	730c90b553342f0567bca1ac395603a89d7e5392	2026-10-04T21:48:02+03:00	P2 pre-freeze: O2 profile likelihood, M6/M9/L2/M8/M5 grid runners, M6 success metric; the BIC floor recalibrated to the grid's sampling
c6345880dff4cd5993703d377c8df544fa732a65	a3a5da7c0b379f622dd541af4b919de9f04adecf	2026-10-04T21:28:32+03:00	P2: the isothermal control generated (9 cells) -- isotherm at T_in identical to the Langmuir cells, bed exactly isothermal, all at 95 % breakthrough
005423c68f8f40db2415fae6931c71a4895c2bbb	3636fcb23a50ef6b4a2b30341af06ea9ae258249	2026-10-04T21:25:22+03:00	P2 pre-freeze code: L2 success metric (operational, per prereg §4.3) and the Lib-A held-out fidelity metric, test-first
ab2a8e61df58f3a30fe6d617e0529349271610d6	9ad7b22215cb3e80534ae7b1a0119ca1ec4260a9	2026-10-04T21:24:05+03:00	P2 pre-freeze, second pass: one Da*_ident definition; H2b confirmatory on O1 only; H2a slicing fixed; eps_rec, L2 success, Lib-A fidelity, H2c resolution and the isothermal control defined; Stage-1 draft synced and compiling
9e0285aab6aefbbbe13bd991f66eb9238bb83259	277a5ca4c124883adac345a5a364a02deafcd6d7	2026-10-04T21:17:42+03:00	P2 pre-freeze: 20 inconsistencies between the prereg, itself and the code fixed before any discovery run; M2's support sweep implemented with a well-posedness rule; M6 test tightened; Stage-1 RR draft added
c5e5ea855894b19df966b5a51dd83bf2ea4ea2db	96268d8ee18e519d8d43b88b8e31df2c5d12f861	2026-10-04T20:58:33+03:00	Referee M3 for L2: the +21 % best-vs-L1 gain survives selection over all 26 candidate configurations (simultaneous 17.8-24.8 %)
83bf4cb2544892956c6389d6f2d2a28187f436de	cdc2ec769397a4c509730a90e5ef7177f252f28e	2026-10-04T20:56:45+03:00	Revision plan: C6 done
4f6d3a66f9a3dc7cc91c5a55bb2a5cb2271b4d3b	ae8143a11f34c986a4341f116f16aeb0dad58945	2026-10-04T20:56:35+03:00	validate: the P2 M7 known-answer pilot's two noise draws are allow-listed with their reason (the fabrication gate caught them, as designed)
7507cc2f784518977578ad514f07243b9777ba08	61a8e4ed50be7cd5f14a11f9708977ec671ae2b2	2026-10-04T20:54:59+03:00	Referee M10: real water-harvesting MOFs placed in the sampled space -- 3 of 6 inside on every axis; MOF-801's step and one CAU-10-H heat at the edges; Co2Cl2(BTDD) at 1.8x the sampled capacity
c5e6838ae1accdcc272213354873d43b03a45aaf	563f79bebe5d14be41d805a539339b80a42a16ed	2026-10-04T20:41:57+03:00	Research program: Paper 2 as a Registered Report (Stage 1 before the grid runs); venues to check
d1421801bdd578dc81b1a626b2637dacbe545eab	3e5ca50c3854cebcba45093a668c9fb02eda0032	2026-10-04T20:41:16+03:00	P2 M1b: the mass-balance inversion uses solver_fd.gas_coefficients (single definition) and is now TESTED to the prereg's 3 % bound (measured max 2.4 %, median 0.06 % of q_max)
1e9cb0e26b2dbd2b6c2f69ee559b6bb4ec2b14b2	791983853229d767ab3e606940f669d1f58e3f53	2026-10-04T20:36:27+03:00	Revision plan: venue options with a recommendation, for the author's decision
fa41d6fb73504fb55a027368a5b261ac158b2eae	8d5032c78c618c9a825bc6cc84784575df9164ec	2026-10-04T20:36:08+03:00	Abstract cut to ~230 words (referee minor 14) and the stale 'physics that shapes everything downstream' heading renamed
0de2dba0e1606d1919851a9239767f26d9cab885	2084ad6ef4a2cbdf1eba72949aa1f33c37d1ca0a	2026-10-04T20:33:21+03:00	USER_ACTIONS: the Bozbiyik 2017 Al-fumarate breakthrough paper (second anchor, paywalled); plan statuses
21f64cd1ff093dbbf00567217a6238ee08fc0827	1a6cbaed4c1def82ecd6f1e0895a1dd65dba4893	2026-10-04T20:32:20+03:00	Referee M13 (wording half): the MOF-303 comparison is 'compared, nothing fitted' and called an anchor, not a validation, in the contributions as in the abstract
ee4ac07fb39bcd88adc1768515c969871bacea8f	f584b3c43868a4cbd800d05557a7418a92fba6d0	2026-10-04T20:29:34+03:00	Methods table: exact per-rung sizes, budgets and step counts as macros read from each rung's results file (L3 widths per budget, L4 architecture and sampling, L5 budget and steps, L6 budget, depth, steps, descriptor count)
d120b90e86e81eec8c8ab24cba12cda744af9ff3	8f44b6dbe010252ac8349e4c150d53e07af0ef85	2026-10-04T20:26:43+03:00	P2 pre-freeze: the M7 (PySR) decision is a declared known-answer gate, written before any search; wrapper, pilot and queue job
1bd478438d730ca8d8e7934a63cc4b2edc421e9e	d780b7074d18b45b0748d6d0f51c13344210e8bf	2026-10-04T20:22:07+03:00	Referee minor 9: Supplementary S1 -- the full correction ledger, generated from RETRACTIONS.md on every build
db593b8ae3a5240c9ac5e3cd832178b017542d58	43455ac7f55569b6cc24841bf4d097d530b44dd8	2026-10-04T20:17:10+03:00	Referee minor 15: a glossary for non-specialists and a schematic figure of what a surrogate maps
1e561c376d60af0e53dbe3e63fb401f825a97633	59b7fc345670a5e3dfb69ff7b68dee78c3daa737	2026-10-04T20:05:32+03:00	Referee minor 17: the cost 'price list' is priced for the fixed L1 perceptron; a better learner (L2 +21 %, operators more) shifts every row -- said
c781276ebd8930547c0c331674df49a5df1f9a5b	13d83d9bfe2fb448aa511a95a6d9f17de5bb5978	2026-10-04T15:19:55+03:00	Referee M10: retitled to 'adsorbent parameter sets'; the work placed in the parametric-ROM and adsorption-process-surrogate literature (four Crossref-verified references)
05bfd30ffab57066913704b2e7d74c0c82b21916	84e33afba337de862132c0435058be1066ae8927	2026-10-04T15:11:59+03:00	PREREG_BASELINES implemented and queued: B-FIT, B-GP (+analysis), B-COARSE, in the declared order after L5, L4b-v3 and the P2 ODR check
8803bc3746b6806de9dfd0e1670ddc625e0cb23a	e6ec41b878cf5729eadf211777a8c34d7a3acf81	2026-10-04T15:06:30+03:00	Revision plan: statuses, and the three defects found during the revision
65490a330b84afe5b64023d5ef6b4d78a4887ac3	de70acaf69fc085b4dbfa7cd96626d3670128a91	2026-10-04T15:05:56+03:00	Methods section (referee M7): governing equations, boundary conditions, properties, numerics, Da, parameter table, metric, statistics, designs and a per-rung surrogate table -- every design constant read from the code
23f58c649a15784e9d65e36be66a19ee485417cf	e3fa8f6fbe3f4ca78e2a4ed2252d893b45d869f0	2026-10-04T14:34:04+03:00	Ledger B72: add the thermal-inlet half
587a3294e07e67b5c54f507b1a461246fbc01475	316cb1aefedf476885ff935037f964769495a006	2026-10-04T14:33:17+03:00	B72 (thermal half): the residual's heat inlet was Dirichlet, the solver's is flux-type; fixed and added to the coefficient gate; solver docstring corrected
acb7a34a86c58d0b8f043525a642a427f421ad6b	1a47fc86b5b36091f32b6ec1245cbf9cf5288288	2026-10-04T14:22:56+03:00	L3 final pair landed (perceptron significantly better, CI excludes zero; means reproduce the audit); query cost r measured and reported (referee minor 11)
769b5ed96d1543f986128574e619d54b441c55b4	76916a21c9429b4d495c006644fdd8ccf2a955d3	2026-10-04T13:01:27+03:00	B-GP baseline implemented per PREREG_BASELINES A1 (subset-of-data hyperparameters, recorded before any run); smoke-tested
aa9132645bf2cc7545e2fe5b0eb8c366c7d1ffc4	17f933b25b6c67c228fcbaa43fee8b8654debd4b	2026-10-04T12:59:54+03:00	PREREG_L4b_v2 A-B72 and its queue job: L4b re-run with the corrected residual, same design, gate-first
18123e7e646955843a73d0603495fedfb4c8a95a	db059d7d101c8e739a9d7bf582d9781455ec9cb3	2026-10-04T12:55:44+03:00	A28 + B72-B74 in the ledger; the paper withdraws every L4 verdict as a statement about physics
d29eb9c9043caaac4e4f7500a37be71c7353f34f	f6b9bba2b1fc63558d7643299375941c35d254a7	2026-10-04T12:52:15+03:00	B72: the L4 physics residual advected gas at v instead of v/eps_t -- found, proven on the solver's own fields, fixed, and gated
778e3f0d7a4d55ea81261b92cc6c08a453469dba	073ad4dcd19c91903bdad9a00e45756072ad83a2	2026-10-04T12:09:15+03:00	PREREG_BASELINES: GP-on-POD, coarse-grid solver and fitted-Klinkenberg baselines frozen with their configs and words before any is run (referee M11a-c)
8521320998f41b7c040013a782396be71a454333	15333c6ade3320c54f021e65ef3689e34827b4cd	2026-10-04T12:06:12+03:00	autorun: measure the surrogate query cost r on the idle machine between L3 and L5 (referee minor 11)
632d4ffe0d181823853464983784f3845c17001d	53130741319e66a2e7c1b0509ab034393183b4be	2026-10-04T12:03:45+03:00	build: literal '4' count 5 -> 4 after the L3 rule-4 rewrite (previous commit 9bc8e55 went in with the build refused; caught and fixed here)
9bc8e55b40064afd09dee2fbbd94cf839ff658c9	7635f41ca243bb64f3e4432ec33d1d0267a3c5c5	2026-10-04T12:01:21+03:00	Referee minor 7: rule 4 defined at first use; the perceptron's lr edge stated as unsaturated (conservative for this verdict), not 'saturated'; the final-pair configuration explained
6cb4635a683033a4ace0af94291a57a03642e923	c064f304c73e20f2ece3b037c61cd3a56f7f52b4	2026-10-04T11:57:15+03:00	Referee M12: the two-wave framing scoped -- it shapes the legacy design's fields and the warp measured there; on v2 it is present but unresolved, and no v2 verdict depends on it
ec81a1d79294d8b545277a4293997f94b1df0587	fd8b1964ddd9efb247628ee4c5c1ac0729a654ea	2026-10-04T11:53:42+03:00	Revision plan: statuses
40e95352cb7c0dea482a23de17b4cc51f7aec792	8ecf66742d71f2819eb8260e8992f4273c11a346	2026-10-04T11:53:35+03:00	Referee minors 6, 8, 10, 13: empirical sizes compared (not nominal alphas), 'effect sizes are large' scoped to what is large, L4 reversal listed, prior-work claim softened
f3032ede40e73eb1f728a30ebcfb4321f27e2580	b2cec07a100b0238cd67afaac1d9ac133c721047	2026-10-04T11:49:11+03:00	Referee M1: 'what binds' restated -- the parameter-to-field map, with the learner a 2.4x lever larger than 16x more materials buys; practitioner advice rewritten
8746cb56d4623c209f5a2b214be606ac4193877d	9cd3c891791a73078661b44ffa5f9b0cc13e600e	2026-10-04T11:44:33+03:00	Referee revision: L6 Damkohler null stated as what it cannot exclude (up to ~4x the effect); 'no result typed by hand' narrowed to what the build actually enforces
c20e8a172b32a400bd911268be0894e2b2704297	c2c1a5059b692f1ad666e51da90ae0c87a2b9274	2026-10-04T11:39:27+03:00	Referee revision: abstract rewritten (all seven rungs, three designs, honest nulls, operator lever), broken oracle sentence, FNO margin, figure caption
93e12e5dc37793925e0401edbab724feaee09855	ff27f9da7529ff25d42ef4450fc509572398854d	2026-10-04T11:28:41+03:00	Referee revision, tier A+B1: contradictions fixed, the missing refinement result reported, the L4 positive tested against its own selection
04133a2694006d4f6268768928dee4129dc8db67	9591c8f4269bb0bba9e5a1282c22ad5347ff50d8	2026-10-04T10:42:40+03:00	P2 pre-freeze: queue the five-seed ODR-BINDy check PREREG_P2 §3 requires
1aa5f0ec81d33acd671e170afe52f407ab961702	562b236361600fcb26de25790cbb734400a49760	2026-10-04T09:46:58+03:00	L5 mechanism re-measured on the full design: basis floor falls 90x, coefficient-map error moves 0.9 % (resolved, immaterial), ~17 usable modes, 240 materials
22686d2658f7dfbf7d38e8262044568c96381541	1aa9deb3b9aa56a07f61db3fc63e0be43e16d364	2026-10-04T09:45:05+03:00	L5 legacy: the 3e-2 bracket closes rule 4 (best lr stays 1e-2, now interior); caveat rewritten; queue outputs committed
2aee56cbffb6a69026590b49ee4dc9c3ec1fb38b	DROPPED (touched only files not published)	2026-10-04T09:40:57+03:00	USER_ACTIONS.md: the author-only steps (uptime, affiliation/ORCID, six primary sources with DOIs), step by step
51a28ee15a596a50cb6a3b600d25260bc8fe796a	90dba5e76b76046c1a2cf8c706fa12e1eb08172b	2026-10-04T09:34:33+03:00	L4b material effect size as a derived macro (8 %), replacing a hand-written 'tenth'; build green
685715647a69b6de08bb2dfafa576667697cc3d5	947a378178111a2e3f7b47a900eca667a61e1e14	2026-10-04T09:33:42+03:00	L4b material axis written: PHYSICS HELPS at an interior weight (bracketed by the second edge extension), survives polishing, under a tenth of the error
c49b6a019cfb33d54ecc8a1a681628161fdf9b2d	a83df56a2a543822ee5efb57c19bca86ec3db455	2026-10-04T09:10:52+03:00	autorun: queue the A2 24k-step L5-v2 sweep and its analysis; runner check now sees l3_final_pair
c172e431693614b83553543ab678bc694ab7fdcb	56df2a41de93248eb43e501b02e03d225350d673	2026-10-04T09:09:37+03:00	PREREG_L5_v2 A2: the frozen step-budget rule fired (p=128 +18.8 % at 24k steps); the sweep is re-run at 24k on an extended lr grid before any verdict
467da91bb71021e949774c04ec26a88b2de911be	27d26a008a2e9b635892eb598079b0f926fc69af	2026-09-28T17:06:42+03:00	validate: close audit_hygiene #10, #15, #16, #24, #26
4329850236d7d02d8eade86f321b28535dd04e32	94b12033d67af83ee965987f438766624e3cfa43	2026-09-28T16:53:03+03:00	Hygiene #23, #27, #28: resume sees its own FNO output; dataset_summary fallback no longer crashes; stale open items resolved
6d0282b0409b4b6fad89da83cc5911cd2377b43f	914d13bc2df3208c26518f6d7b1a09fbe0672e6c	2026-09-28T16:51:04+03:00	build_paper: bare-word macro wrecks and re-used allowed literals now refuse the build (audit_hygiene #11, #12)
756a5f1d8b4bae242736a3f0fafe61f4ee894b51	b3e5ea1509aafdad78c9513b5407f302f7c9450a	2026-09-28T10:44:29+03:00	build_paper: numeral check now sees leading-decimal numbers and hyphen-joined numbers after ordinary words (audit_hygiene #13)
4043fe6ab4175b43228ea0c6557bca6ab7160391	c1cf99a8d1827e071ace7223f061bd4852b9079d	2026-09-28T10:28:43+03:00	Limitations: the warp cannot be re-measured on the 240-material design as pre-registered, and why (the fronts lack the shape the frame aligns)
e969e71aa3902f2dabf7efac97cdfb655f8931bb	a466ffa4ca75ced911d34922aa234cc8a5f7a4e9	2026-09-28T10:25:00+03:00	Warp-v2: NOT RUN under the frozen rule -- on v2 the second front is dispersive, not a shock, and the Henry wave is unresolved in time
cc3bfa4adbec053d712e85864f3f0f080657d78a	d8b3688235bc50d208cbc320d1240e6e7c4cbbb8	2026-09-28T10:14:33+03:00	Warp-v2 stage 1: no absolute landmark pair passes the frozen guards on v2; G5 pre-check withdrawn as a stopping rule (amendment A1, before any reconstruction)
761d208d86195fed206703651c3ffc8f57b60603	4094939a53e2165e410161f7862f11e4a0d216d1	2026-09-28T10:12:36+03:00	L5 on v2: runner and analyser ported (audit_risk #1-#13, smoke-tested), prereg amended before any cell, three jobs queued
8f8437f61ba3754ba08ff8a332d6e02436a403b6	ce78e4e16366b97b03c9d06ab97dd2509021d982	2026-09-28T09:53:47+03:00	PREREG_WARP_v2: landmark screen rules, the front-locating model arm, and verdict words, frozen before anything runs
d0910280b7630e30cb04ef02b06992a2f2975e2c	4ecc5d90c8c114cfe532086761b60321409456f5	2026-09-28T09:52:31+03:00	PREREG_L5_v2: the operator rung re-measured on 240 materials, frozen before any cell runs
d79ee9ad773a5869b8e7f378a69e710d398a1f6f	9ed911e2d7b7b9d63b271bcabf5382e8c4ff0208	2026-09-28T09:49:42+03:00	The manuscript compiles: tectonic (local, tools/), and build_paper.py --pdf gates on it
bea9b2fbbf624760e64a382f662873fd3f83e015	64b45ce89dff24854753cfd447ddde5c50b26f22	2026-09-28T09:08:44+03:00	L7 states its verdict in the pre-declared words (LEARNING IS JUSTIFIED), like every other rung
01a329b2f6b61ebad37a11439500224f5e7a717d	0b164f00e445b6cd11e2ad873c145a2543635d23	2026-09-28T09:06:05+03:00	A27: "capacity is eliminated" overrode the pre-registered L2 rule after the data -- withdrawn
387d3b2c5f2c19882f351139203d432246285d9b	040a7c1cae3ce92b0f74af00d251adae9ee47258	2026-09-28T08:55:22+03:00	Four prose findings closed (audit_prose #24, #28, #29, #33)
a86fdf62b8f5302566f68ba193b07205645a9a85	9e2b1898a82bbb7b383eb0952159111c34898bd2	2026-09-28T08:53:34+03:00	Audit status: citations all closed; prose/numbers/hygiene progress recorded
52a9c4f6d0c571c9d1cb181f0c70be88ba428a85	f6172c4d6bc4ee5a99686a0f5b169916fe63118a	2026-09-28T08:53:19+03:00	Papapicco et al. 2022 fetched directly, promoted to VERIFIED, and cited in the warp prior art (audit_citations #13)
3c5e9286e9da4a4435c35fbf96464100387c66b2	f85cae9a86650aeb166850c4da8fe2245832acaf	2026-09-28T08:51:47+03:00	Every figure and table is now referenced in the text (audit_prose #25)
92ca22dc1f1f0dbdcb041d3f4318c6ed1a37f9a4	e8ddaa1d2e5af2f16fc5fbe2c6a708e7e9fcf00d	2026-09-28T08:47:52+03:00	B71: L6 MDE reconstruction confirmed identical to the stored file
057d97dc96a8a7df91cde7ea021177b7a38c56c2	a0405ade8f20fa5f4522c290e0a61189f4073edb	2026-09-28T08:47:13+03:00	Number-words 15 -> 5; two sentences were not just unowned but inaccurate
5fc4eebc6e9a5309efa318ad06711e83b4ab72cd	1b1c3bee63a79394071c9d81406310caeca98fe6	2026-09-28T08:14:38+03:00	Check 7: the build refuses any results file the paper reads that no script writes
f3ec34c794b5872e26d6dbf68d9449e38a56268d	a02073fcdbc87b1916fd20b344bcf6ec99bf3300	2026-09-28T08:12:02+03:00	B71: a provenance audit of every file the paper reads found two more unowned files
ec934e60ed7d9b4a0189cac1c43a9cdfcbe43827	65866d9f48e83b2eefbdba951366342bda590156	2026-09-28T08:00:46+03:00	B70: l3_merged.json had no script, and its arm count and the paper's failure count were wrong
0a18fe46272565b1db38c37d96cb0531ae6e46eb	25460fab7b2b427242eb772d021cdee646b1ee88	2026-09-28T07:47:06+03:00	v2_common priority raise: declare the handle type (the first version silently failed)
d23334451c3fa6ddb344ec678a1de1f25d21a37c	9604862b26577db0f95bfac8ec0bae15ac9f8cf0	2026-09-28T07:46:01+03:00	v2 runners raise their own priority to above-normal (shared machine for the next weeks)
83e26ca81ed530d10ee7491548c6599dcf5e3bef	66a1172207e91200b7e9e4acda4c9f65a085539f	2026-09-28T05:55:13+03:00	P2 ODE profile: temperature-aware (non-isothermal grid), PCHIP drivers, and its sampling-resolution bias measured (+0.47 % at 200 snapshots)
9ff8e01fab69a0acd811f9b7e49b45b229ff01d8	f70ffd6bad79eaef6400b072683eb33b9ef63ac0	2026-09-28T04:00:45+03:00	P2 O2/O3 grid drivers (freeze-guarded), and a qstar_fn solver hook so identifiability sees the same isotherm error as discovery
d1a8675a807f21544c8d5a6239ccf81a6991ae86	00af01e4f8c75fc26f02760914006c3fef756a16	2026-09-28T03:56:35+03:00	P2 analysis: H2a (R collapse) and H2b (discovery vs identifiability) verdict words coded and tested before the freeze
99971c42bf4f6da7917257dfc7d9eea8a3d2cab9	35856780bb0feb39221e63607edccea9a780c17c	2026-09-28T03:54:16+03:00	Handoff: state at 2026-09-28 (paper 1 L4b written and gated; paper 2 harness status; machine saturation)
187f4549a66dda86785737c681b836e1fe81820e	312a4ad27cd8ef5141a2fe420ab155d00666215a	2026-09-28T03:53:30+03:00	Paper 1 L4b section written: time-axis NO DIFFERENCE, the polish flip, and a gated material axis
74f656ae42b2622a61d9d6abbc5cf0fd04d62f13	ef205f167c2ce867d50d0f6e974d102da26bf872	2026-09-28T03:49:49+03:00	Gate the provisional L4b material verdict: numbers.py GATED and fig_ladder render it PENDING until w1e-6 lands
9bf341f17d0fa5bb4dc272dbb9a922d87fe629c6	a0301be287b56206f7d1d4f940c7f2d1a913754d	2026-09-28T03:45:13+03:00	P2 M5: ODR-BINDy ported; exact support on the authors' Lorenz example, but 2.3x their coefficient error and 26x slower -- not yet verified
6f972a9f95c7ea5a08a79923d085656391db55a4	f51255d2c4d5003a0bf9be864a864cbef7e853e5	2026-09-28T03:25:55+03:00	P2 M8 (KAN symbolic extraction) fails its known-answer test in every configuration tried; recorded, not dropped
ba153a8c3178d4786568bd37bfb6141ab1e40bab	0ee4733d3960bfd4d9e169b111754a65a3f18591	2026-09-28T01:46:01+03:00	P2 M6 SINDy-PI: implicit rational rate law discovered with no isotherm supplied (isothermal control)
c7b8a1e7622cd8c96c5bd0b36e547a6c3901b57c	c58d09ba19f3d0a03368b137cc040cd6393f1eb8	2026-09-28T01:37:02+03:00	P2 M9 slow-manifold method: recovers q = q* only when the equilibrium lag is below the resolution floor
31d3e3d466cc25f5c980a4c43564bc393eabef02	e14c8a18a7b6e22c906fe1493052ef1be8ae88aa	2026-09-28T01:30:10+03:00	P2 analysis: Da* estimator with 0.94 coverage and +0.012-decade bias, measured before the freeze
32fe7af0a33f36b6a377e62116197051e24ba25a	823416ac4320dddc288b4c4311b2f76814dc947d	2026-09-28T01:12:52+03:00	P2: outlet-only (O3) profile likelihood through the full column; adaptive refinement in both profile tools
5b27bdd142cf24bdb0e8981834cd93d0903aed1d	649fac06d44488f7abf0a4296f947d27c8b63e58	2026-09-28T00:38:13+03:00	P2 M1 pilot: 145 s per network gradient through the column -> ~50 steps in 2 h; M1 NOT RUN at scale, by the rule declared before the pilot
5b809a19b59fc8b2f9cfcb78c1c4d2f10680459e	b90dca07e0e28e541dcf3902c48785ef76538661	2026-09-28T00:37:32+03:00	P2: the column in JAX (verified against solver_fd to <5e-3 on the exit curve) and the M1 timing pilot
d91330a24a320e931fd9daee2b08d622ad509f16	6ff3aabb36be547ae5977b0fed157399352ae57e	2026-09-28T00:15:56+03:00	P2 M1b: gas-balance inversion for O2 (verified to <=3 % of q_max) and the O2 runner
5f21fc6f94db0c5abc82a173ad9385fa6dd5fd14	718176b8b5247d43b3a21348386e68c1e0ff237f	2026-09-28T00:05:26+03:00	PREREG_P2 draft: M1b mass-balance inversion for O2, and M1's feasibility problem stated before the freeze
42110184a8cbd7379b626923da56cc4671d891da	ce1c2ccf04041f18e913fab79065869e7f604f60	2026-09-28T00:01:30+03:00	Pay 8 more OWED number-words (28 configs, 11 of 54 runs, 55 % non-monotone, 23-36x, 48 vs 192); check 6 refuses tab characters
233078e0aa144a224ca8e208dc00042c680e8ee5	f8d36ebb8ddabc9e348ec66c7f75a2c85727c4e8	2026-09-27T23:53:54+03:00	Pay 5 more OWED number-words, and close two gate holes found while doing it
3f7852a98120484c11370aac0a4e980db5c00fbc	0743913f0e6934f0f19cdcd76caa1b80e4ea6e64	2026-09-27T23:27:14+03:00	Pay 8 OWED number-words: plateau level, pellets per bed, aspect ratio, exponent ratio, learning-rate decades
9afb620d239534507000108c219c7dde09492f1a	7673e72adb7fdcd365488973fed2c1d5d6b8b9e0	2026-09-27T23:23:25+03:00	P2: O1 runner (verified), grid driver that refuses to run before the prereg freeze, and the method/observation applicability matrix
6ca6246c0c3e1210efd3834b0bffa8cd63952689	e25d6a6813c80e85287f425d8d1a5eaccbbf9eeb	2026-09-27T23:17:57+03:00	P2 M2b: weak-form transform (WSINDy), known-answer verified; beats strong form under 2 % noise
981866d3767defe14e6c98f27ff8d37106e11888	a576231c05a7bdbb0f0f8bf1401a17d8e437a36d	2026-09-27T15:09:17+03:00	P2 harness phase A: M2/M3/M4 and profile likelihood, verified on a known-answer system
97cc22d9ab2be8441a7e39a5bf3b0a94e6f22be7	bde3c4411c70b8304a84adbdfe107e996d50bb0c	2026-09-27T14:56:18+03:00	P2 observation model: O1/O2/O3, range-relative noise, smooth relative isotherm error; selftest passes
908762b12721f746c7da73b5e2cebf4f36c062ac	f6f7751e6f4cfa95d73d567f012bf3f6f36f52d5	2026-09-27T14:54:38+03:00	P2 ground-truth generator (81 cells: Da x Pe x isotherm x law), running
211ec6292bc3250fd57db0c667cc82f849d08ac3	f20032e63ba373f9dde194846a6ce0b562e6db08	2026-09-27T14:51:06+03:00	solver_fd: optional k_of_q hook for paper 2's state-dependent rate (H2d)
cb815939d49e6e3f32f0e111ce4b25225e4cb03e	e743a48ffb002728a2630111c7a2881a081b7c16	2026-09-27T14:48:30+03:00	PREREG_P2 draft: competitor repos opened; verified-port route
83897344e95d0f8a23f746e30c16721de8b3c11f	20188fdf3be5f455fa23682d0991a790f95aa5a0	2026-09-27T14:47:38+03:00	P2 pilot (generator only): 4 t_stoich horizon (thermal wave), N_z=400 converged to 0.11 %, cost curve
e46bd414d3535c474623e0fec248abcf7740da73	e77db99417d0a462716bb41ec5dc224276e5fc56	2026-09-27T14:45:52+03:00	L4b-v2 extension landed: time axis NO DIFFERENCE (B69); material axis needs one more decade
c3d42dc3ffab26268622566d6629deb6f414343d	f3379ccc35c4c78c081f17b30470ff911bb4107c	2026-09-27T14:40:37+03:00	A full disk killed four L4b follow-up stages; results writes now wait for space instead of dying
1004aff43139d1ba0e7daa5e4e155e3325f8182e	87f40d95a2827ff5a44de7d09c4c386ab474128a	2026-09-25T04:36:45+03:00	Program: water-harvesting data audit folded in (Bezrukov 2023 is paper 4's baseline and dataset; COF dynamics data does not exist)
ec6daa5e5092a4ee60c04cea43ba6496769e78b5	b539535a596a06fc5f1bf8c8298d799028157bf4	2026-09-25T04:36:08+03:00	PREREG_P2 draft: implementation audit of competitors
027fff498071e73d6660363eb2e9cd4a6a067abf	650ce575af3d792e61bf6e6118ee76d96ed02ff5	2026-09-25T04:35:34+03:00	Research program, and paper 2's pre-registration draft (not frozen)
e77416214e42f12c5a56e1bcb9ddc7a47e2db3b6	95d15d4c130365123498f8625cd3ad94668d08f7	2026-09-25T04:24:19+03:00	B68: the novelty paragraph never cited MAPLE, the adsorbent-agnostic surrogate validated on unseen zeolites
fa2ee7e55071f9eb35de24f31aa114f8397af071	979ae7540a34fc5619fd054ec23f224783968bcb	2026-09-25T04:21:09+03:00	L5's oracle-rank table had no script; now it does, and "beyond mode 24" was an arbitrary cut
5a4c771b20b9cac9cd0f1d864a251cf6a4dac72a	4de1908c91e31415b1b4f481dd52ada2cf3dda66	2026-09-25T03:59:58+03:00	Pay 6 of 60 OWED number-words: 'twelve' -> \nNclustLegacy / 12, '240' -> \nNclustFolds
9d23554315122fd029ad4c367a1b1ce2edef7b64	f6f5f1d33c99207575077b0ad87e5032b90be29d	2026-09-25T03:56:57+03:00	Check 4: numbers written as words can no longer enter the manuscript unreviewed
57b67b57fef4bffdf93f825f1d912f9284962fdd	79052e3a0e2b2f60c8abf9b7f5035d33b75f45eb	2026-09-25T01:25:51+03:00	CONTINUE_HERE: repair a literal newline in \nFNOgain
9a6b420bed8239c89750b066bc15b416225ebccb	bc726931e19a1f507d6f88df4167d37ba7b522fa	2026-09-25T01:25:34+03:00	Handoff for B65-B67, and a ledger counter that refuses a row broken across lines
fe7028c7ade23aaa8a471a46092aed3a49742e92	d0dec5f91cb5ef128c3101e1cd03c9efe8a20c88	2026-09-25T01:24:17+03:00	B67 row: repair a literal newline where \nONetxFloor was written (B64's hazard again)
acc1b396f08e94a12bbba53e36db6e45ac3a9d29	eabeddb4f4396023e77ced682e4ba9adff3b2a7a	2026-09-25T01:23:44+03:00	B67: "every optimum bracketed" was false on L3, and L5's analyser said so and nobody read it
1b191efde8b781ff10951fe00df4a5790b817a29	bf62d9280d2363227c236ff6a6a0c91d00a64007	2026-09-25T01:18:29+03:00	B65/B66: rule 11 was broken on ~100 names, and five gates passed on nothing
570d65e753773d0113672c0aa5d0afaadb3c93ef	7c03221076df5525b616cb9c7d3e1bf2f2557f3b	2026-09-24T23:47:38+03:00	Prompt: l5_bottleneck-v2 is queued, not a job to launch by hand
dc63735fcea5607d9d71abec118e5c41f6a285c1	70e0057bfb4481710e80a1245fa6ba242a26a27e	2026-09-24T23:47:15+03:00	Prompt: the new session inherits a running queue, not a chain to babysit
0c4402cede3793e93e5aa2b9eb1a1c24ed63d0c6	47ff03ea0bea1389826d18d4ae377863a3a21d8f	2026-09-24T23:47:00+03:00	Autonomous compute: a queue that survives the session, a kill, and a reboot
014354dfb9e99110238cc1b0f4a79331ec194384	e754049e6d2d8d1fbe3a4a6906f265b07b7ce636	2026-09-24T23:35:54+03:00	Handoff for a fresh session, and 133 audit findings made durable
36a788a5ab770d17c7325bff07438a4004bc7523	4b0a7ad80f45ffe5db3cf4d86bae2974199a1f63	2026-09-24T23:32:55+03:00	Sixteen manuscript defects the audit found, and an unowned file that carried L5's headline
b40443bc4b65d3179eed52f45ee178f920d6004e	fd011f2cba2972bdb795d48f3aa0832bbbc585d4	2026-09-24T17:52:03+03:00	L4b-v2 landed, and five defects between the run and the manuscript that would have shipped
0d9e135b20a62bdf05dd760196aba8c6578b60c9	50712a1dd4588a37e4a8783a2a2909d9628c1b5a	2026-09-07T05:49:47+03:00	The cost axis the paper argued from and never gave
4f5b415175a752c073e3206c0586bf1046dc2529	e8067e6aa9c82902d86a7048e47ad26fd9833c9c	2026-09-07T05:43:05+03:00	B53 closed: our dispersion closure is a truncation, and the anchor sits where it hurts
3e6c96003fa94b28c9c0332621b4d1ea8b1feb6f	49f4aa9c794d0d0aaedbebca82a21a71fdaa40b4	2026-09-07T05:28:14+03:00	Handoff rewritten for a fresh session: the paper, its gates, and what is left
abd8dc0fa42144846485a09a9de21dc64c15cf66	e42691eb01d796e193ad5fd780a449633d963ae9	2026-09-07T00:36:42+03:00	The L5 operator figure, the anchor figure, and a figure set renumbered to the paper
cd0edff6e6127da91e67f6f907238def0bdb7ed7	f38ce4a9d119b47db07c71101872e5885b6043f7	2026-09-07T00:26:59+03:00	A stall looks exactly like progress: resume.sh now says when nothing is running
ee3c1ed57357e41b147e70bf2c47dfa9158a0c44	1264fef1c240c130e59aff26c06814f775851acb	2026-09-06T23:24:21+03:00	Two figures the paper lacked, and 47 citations wired to a gated bibliography
89742981d0dba4a83a4a34faf11f5b5001d56242	fafd334f434b5e5e34a74519ac1e9abccd7c1663	2026-09-06T23:18:17+03:00	B64: the build gate could not see a break in the document it guards
b3a65a842947040acdcfd89bed94e734b9e07c3b	9080f3d14700e0bf645d5a4936cdc8183bc3df4d	2026-09-06T03:14:09+03:00	B63: two Damkohler summaries under one name, and a justification that lived in a comment
7afe09d0a70ec586cbac3af1ecdae313a10f9b60	fa6d3b849e68312f7d24e2b0850134f60d7f9308	2026-09-05T20:04:46+03:00	Ledger counts are counted, not typed; the gate caught the drift twice
a3e8b27f9bba2fc2a3b1324946323b7db76771e3	f523e23ac2cbcf694c5d4f117006ccbe05582af7	2026-09-05T20:02:26+03:00	B62: the bibliography generator invented author names -- B35, in the file built to stop it
cba5d1d4cc9024c615aab753cd4d41d8c8f26bdb	ae84589dbd5e0832796b60990fd3e9f7cc071f87	2026-09-05T19:57:19+03:00	The manuscript, and a build that refuses to contain a hand-typed number
98a03baf531f1b3752899b3c5a81ee7ed17bdcc3	c176c3191da67f86d59827e4897d3667967f42f3	2026-09-05T19:38:49+03:00	B60/B61: Q3 got no configuration sweep, and a pre-declared invalidation condition fired
77cbdf34af4af586bd1f2f84a85c91f686abe86e	721788d6d69b9195452fd4a7113a2c0437ade0d8	2026-09-05T19:34:22+03:00	B54-B59: our isotherm is not the form we name it after, and a 1982 bulletin predicted B8
885d12de08972cbd82bde51ad43ea1b21d808a8b	b43cd30dbd91c16d200e463bb79ddc06bc4d186a	2026-09-05T18:52:27+03:00	B43-B53: three L2 comparisons had no script, two citations do not say what we cite them for
e215e95d46d9356f69ce36be915e8d106ed9fbc3	9ca3a0fbfb5fda185d6c8e128b31dc47b861db37	2026-09-05T12:51:27+03:00	refine_l4b_v2: keep the residual-loss trajectory per unit (the first stage dropped it); detach the logged loss
e7de1ed6782e8bc9a00bbca9c26bda5637d9d972	63678e6af870924cb627fc23d030c0d72180e9ff	2026-09-05T12:50:55+03:00	B43/B44 and Fig1 from a parallel session; the plotting gate learns about runs in flight
7d65adde8b080306011375e2c9a73ff70b28f53d	30ee465e52b4628c4e189819a0980122ad63850f	2026-09-05T01:01:51+03:00	Handoff: L4b-v2 is the chain in flight; v2 chain recorded as complete
0636ddc9118c5086b638b14a82a88215e3632c79	ec5d4f040f76c0c804c2e0c16a17fa78d73daaf8	2026-09-05T01:01:12+03:00	L2 on v2: every optimum bracketed, but the optimum moved -- A26; L4b-v2 launched
60c2b1a0f9d16ecfeec34fadc35b1f04ccfa956e	dbd49207ca988a16f52c2a6cd20a6b39e1cda796	2026-09-03T10:12:05+03:00	Prompt: figure status; MOFSimBench record completed
a472fbcefbbf82f730b455954546466fc8736ba0	0099e27292eb0ac46af7f07e9a5d275c99126250	2026-09-03T10:11:29+03:00	B42: A23 carried MPP's arXiv id for Poseidon; tranche-3 citations verified (Poseidon, MPP, MOFSimBench, Kneip & Gasser, Nair & Balajewicz, Mendible, Zucatti & Zahr, Taddei erratum, Rohrer)
5bfc9c87aa8bd6bd386ad3c55fe9942dff1cc555	9bf630c7b8aeae504e95e151a8c33c8922d17ecc	2026-09-03T10:10:20+03:00	Manuscript outline: sections, central claim, figure list, citations still to verify
41f4a6448d04935f75aa2e02f606d8501e71bea2	f8bee16152782515eadea81b1ae237b88c30e281	2026-09-03T10:08:51+03:00	Figures for the two strongest results: the mechanism (Fig10) and the two-wave warp (Fig11), from results files only
27980fd9f4aa9c0da96124d77f0fc90d4896c75d	2048d8d971f8f1056dcb37936b884e4053ff4bb8	2026-09-03T10:06:25+03:00	Session prompt actually updated (the previous commit's message claimed this but the edit had not applied)
4fdedb44328a55ed56bcfb40cb0569d84673fb71	8496f65b3f4f0cf446f9cdcbb2bde879fcd2c02f	2026-09-03T10:05:49+03:00	Session prompt: v2 results, anchor, A25, what is next; validate.py 22/22 after the new figures
4468711771f46f9ae94a40ab4f16c9be538dbcdd	486f8ff32cdc85be6ce867df53ea6f7dd8aee5c0	2026-09-03T10:05:14+03:00	README and session prompt: v2 results, anchor, A25, what is next
5c0fc58bc267f91aed1e607069ab9161e4cd0632	65484a367a1d4c7669d99d0bcf5ca6f2698c1613	2026-09-03T10:03:07+03:00	The solver reproduces a real MOF-303 bed's two-wave breakthrough with nothing fitted; two discrepancies named
0b5620921e4ec71393ad5e306947515c0df37da9	5dfdf50c5ed1204750ff0d497ac35da2b549a645	2026-09-03T09:56:02+03:00	Pre-register the solver-vs-Lassitter Fig. 10 comparison BEFORE running it; tranche-3 citations
e040715ef321c3c7a209676859946cb056510729	44a087dc4b9b05d0ab3eaeec9c5369815830c61a	2026-09-03T09:52:04+03:00	L1, the learning curve and L7 on v2: "more materials" is NOT eliminated, and the MLP is now the best arm
5fd97e172d54646c8354554f4492b1a0a6350359	f0134d5d581ca9e1a8957c6ae84d6470465d885e	2026-09-03T00:23:51+03:00	Handoff: exact launch time
cea6ae596dbbe4763ee46116dde6866db1705b6a	aabbd6ed27bfc7b6383a1efddcc2287d1175b97c	2026-09-03T00:23:31+03:00	Launch L1/L2/L7 on v2 (chain_v2_rungs.sh, detached); handoff updated with what this session changed
59d86175ecceb544213b47794ed2721232d45082	da6fb80405cb1c63735e5e2ca9d38e6f442b9180	2026-09-02T23:41:47+03:00	B40: the B37 fix shadowed the key list it had just threaded through; every physics-table build crashed
52c4d81910b8f56102a1862e7b91695cbeb7bc03	4389c0740a0997e491a417f6a76cc8521bea5126	2026-09-02T23:34:31+03:00	Pre-register L4b on dataset v2 BEFORE running it: the weighting sweep, physics at inference, L-BFGS polish
1fd19df891765793cea4495d4c5682e7d2a4c9bc	8c17faf8e1ac6539b8957d2f99d1c434bedd565f	2026-09-02T23:34:31+03:00	A25: the MDE simulation inflated within-material noise by sqrt(2); L6-v2 has MORE power than reported
4bf22be2fab6b5edd724208a899b39c6c9538f1c	db7093bd53f2ac0fb9aa24e6798d1101f2e12aa6	2026-09-02T10:42:12+03:00	Pre-register L1/L2/L7 on dataset v2 BEFORE running them; MDE tool; alpha at 240 clusters
bc4a7ce5cd478e7af6448cbda758bfca0d277936	430772d11803f4f39a9489a8fe30fb003b5eba0e	2026-09-02T10:20:49+03:00	Rewrite NEW_SESSION_PROMPT.md so a fresh session continues without losing standards
0fcf75d97485c2c6bb8d291775bea2a6e9dc51d7	e6c0255e6813f3d71bad9dd55b684acad5403746	2026-09-02T10:16:54+03:00	Update the handoff with L6-v2's result
681137d7882d894e776eb48634d56bb59ccb26e9	3602ebbe649fa23e26713c35b3cac2055dd82918	2026-09-02T10:12:55+03:00	L6-v2 RESOLVED: the benefit is real, the mechanism is not
7464b463302f8b8f3dc690c1a4ee2a212422a978	8a77d514045c7cee9002cc5b8d4fc6927c6271af	2026-09-02T05:10:12+03:00	Rewrite CONTINUE_HERE.md as a real handoff for a fresh session
9b744cc6d8a6c9d0e2a28dcdc296b503bfaf8c21	39e18289fb9ca1b1c0d57375c8da504172a3b32e	2026-09-02T01:30:44+03:00	L5 COMPLETE: full FNO sweep in, and a seven-channel FNO matches the best DeepONet
f168147d439aebbbf8757cc0e06e64efeddb90dc	4a83d4b3036b0973a1644ca19598693e5690deb3	2026-09-01T23:52:15+03:00	A23: the novelty claim I recommended for the abstract is falsified
c00312550f3049ca88b778104177e2f4a36f1e17	4e38d4bb9a310d5e569c76d1b596610fd1b6ba79	2026-09-01T23:32:01+03:00	Bound L6-v2 memory: subsample fields during load, not after
cf60e45a9b3997a5baa1d914323602f06207867d	53bea20caaef1f09a58ca10da17ee5a79cd474b1	2026-09-01T18:02:48+03:00	Make L6-v2 genuinely resumable, and add its analyzer
a83e3065a0b0db46a2913b314735d9d9a7042abf	162f2ee669bfeb7ceaf718b263e73c462e977c6c	2026-09-01T17:56:02+03:00	L6-v2 invalidation checks PASS: the rung is valid to run
74af30f4375c00c1fca062978e32c72457ccc15f	1a04e267120b049e129d6a9162c3c8c15b06808a	2026-09-01T17:52:39+03:00	L6-v2 runner: 5-fold CV over materials, Damkohler slope estimand
6c6d6356ef14aa9b51db6cf4ab8293c372683012	02c6cf19842b6c891b926df46201b3f25b6e6ec8	2026-09-01T06:02:20+03:00	Pre-register L6-v2 BEFORE running it: a Damkohler slope test, not a pooled mean
93e70584c1be056a549454340dceeae5925c07ec	157d4c16d9fafe38c6e47006d4ddf9dcc22cae8a	2026-09-01T05:49:26+03:00	A22: the audit's own L6 power claim was wrong by an order of magnitude
593e7f7ed5251a1781dbfe665bb6d236ab097be1	ae2a1c01cfcd4af5255b7208d818c40385e50b84	2026-09-01T03:04:34+03:00	B37: the v2 wrong-column guard was bypassable by omitting an argument
deb2575f33d56f1e503c93791f304da9762b8f1d	49c7ca7e003b1093a7641a1e6cb59754b523fe97	2026-09-01T02:20:23+03:00	FNO beats DeepONet significantly: L5 narrows, and the wall survives
48789ee280c48989afba011e7f6e3a4c9985f927	ff92744b8afa95ab3f5c6ee81fbff83d7d21d75e	2026-08-31T15:09:01+03:00	L3 FINAL: fully bracketed, 6/6 significant, strawman objection closed
4d9e6e3300309eeef6df5798b6e7fc2a4cb3268d	2b96f733a0cb74e713567aa263b62f61e7c18ed8	2026-08-31T13:13:34+03:00	Refine the grid-boundary guard: binding edges vs saturated edges
a86f666b442e27f7afd5d204ceb0f267efb1d138	a6cea6e32af073f4d3c4deed4afccccfd0a611d8	2026-08-31T04:13:14+03:00	L3 re-run complete: conclusion survives B24, and is cleaner
292c8a3cb631d4c0e3cf28e1bb5a32be4cf1489f	c7b9b522817d6c815b8180848aab7219bf808d5e	2026-08-31T00:18:49+03:00	MOF-303 parameters cited: retraction A4 partially discharged
80be2c320586d91e28f4301170cde640c4238ae1	66b93051a615b72f3be0bf8eca5b906ee7bd06b3	2026-08-31T00:17:07+03:00	Venue decision: CMAME primary, arXiv first, one paper
c3e55a4fee585bc4a982e59ff83f7694fceb43a4	7832cc8dff36f01d336db9e74b40709a42bc80de	2026-08-30T23:45:15+03:00	Citation verification: 16 corrections, and the warp novelty claim is falsified
ff61bf7774717dd692b79804b23c2b00f8260c73	47f7d1b4ae634e5a61990fba59037e98eaa52096	2026-08-30T23:26:51+03:00	Lee et al. (2026) full text read: their map is a single scalar dilation
e5cb2bccac9ffeb7ba2573bc660408f93ccafe85	e5cb2bccac9ffeb7ba2573bc660408f93ccafe85	2026-08-30T23:19:42+03:00	SSRN prior art resolved: Lee, Lee & Kim (2026) shape-timescale decomposition
385e957c932662bd84d007b9be8afee8522eb7d5	385e957c932662bd84d007b9be8afee8522eb7d5	2026-08-30T23:15:03+03:00	Dataset v2 complete (3947 sims); ladder plumbed for both designs
ff7e7bf693e70084b1c3efd36b04d9b30f0da3bc	ff7e7bf693e70084b1c3efd36b04d9b30f0da3bc	2026-08-30T20:34:57+03:00	Citation verification ledger; the L5 priority question resolved
a32c61c5acfd764b865afc7643cad5858a228841	a32c61c5acfd764b865afc7643cad5858a228841	2026-08-30T20:31:23+03:00	Monotonicity is not the lever, and a defect in my own diagnostic (B34)
230e324279f6ceaeaa10ec63f6e9ca7bcc836c9d	230e324279f6ceaeaa10ec63f6e9ca7bcc836c9d	2026-08-30T20:04:37+03:00	The two-wave verdict, done to protocol: no difference, and a significant 2.17x on the table
25b6bebf46a26d29c9c2f258f824a419bf7fece9	25b6bebf46a26d29c9c2f258f824a419bf7fece9	2026-08-30T18:39:08+03:00	Pool resilience in the generator; launch design-v2 dataset
519ed663c18cefe17e10491b19147f91d05838ba	519ed663c18cefe17e10491b19147f91d05838ba	2026-08-30T18:22:54+03:00	Dataset design v2: Glueckauf kinetics + Sobol sampling (Phase 3)
793eb0be9ed44eeaf37678a772f6404ecce505db	793eb0be9ed44eeaf37678a772f6404ecce505db	2026-08-30T18:04:29+03:00	Retraction ledger A18-A21, B24-B33; repro infrastructure
e16568db55e5938058f1f5ca236b42b9e2d794f1	e16568db55e5938058f1f5ca236b42b9e2d794f1	2026-08-30T17:57:53+03:00	Audit fixes, batch 1: never-trained guard, grid-boundary guard, figure defects
81295d4c00fd2ce912be136e54dee5e6b2664292	81295d4c00fd2ce912be136e54dee5e6b2664292	2026-08-30T17:50:37+03:00	Baseline: repository state as of the 2026-08-30 deep audit
