series,t_min,rh_percent,note
inlet_square,17.49,31.456,area=100;corner_ink=0.75
inlet_square,33.52,31.590,area=93;corner_ink=0.83
inlet_square,49.44,31.858,area=87;corner_ink=0.75
inlet_square,66.84,32.245,area=112;corner_ink=0.78
inlet_square,83.69,32.374,area=91;corner_ink=0.67
inlet_square,101.45,32.275,area=83;corner_ink=0.75
inlet_square,116.74,32.252,area=114;corner_ink=0.83
inlet_square,133.38,32.416,area=113;corner_ink=0.83
inlet_square,149.98,32.619,area=114;corner_ink=0.72
inlet_square,167.72,32.588,area=96;corner_ink=0.78
inlet_square,183.02,32.720,area=99;corner_ink=0.72
inlet_square,199.65,33.085,area=96;corner_ink=0.64
inlet_square,216.73,32.950,area=100;corner_ink=0.78
inlet_square,233.72,33.115,area=106;corner_ink=0.78
inlet_square,250.11,32.727,area=110;corner_ink=0.75
inlet_square,267.84,32.725,area=99;corner_ink=0.75
inlet_square,283.23,32.863,area=113;corner_ink=0.78
inlet_square,299.93,32.715,area=107;corner_ink=0.72
inlet_square,316.99,32.728,area=87;corner_ink=0.78
inlet_square,332.92,32.912,area=101;corner_ink=0.61;markers_overlap
inlet_square,349.49,33.045,area=55;corner_ink=0.64;markers_overlap
inlet_square,350.96,32.337,area=32;corner_ink=0.53;markers_overlap
inlet_square,366.37,33.081,area=40;corner_ink=0.50;markers_overlap
inlet_square,366.91,32.327,area=29;corner_ink=0.47;markers_overlap
inlet_square,383.41,33.266,area=59;corner_ink=0.56;markers_overlap
inlet_square,400.57,33.130,area=38;corner_ink=0.75;markers_overlap
inlet_square,415.99,33.138,area=33;corner_ink=0.53;markers_overlap
inlet_square,433.45,33.196,area=54;corner_ink=0.67;markers_overlap
inlet_square,450.16,33.092,area=37;corner_ink=0.58;markers_overlap
inlet_square,466.73,33.136,area=32;corner_ink=0.58;markers_overlap
inlet_square,499.97,33.204,area=53;corner_ink=0.67;markers_overlap
inlet_square,516.72,33.342,area=82;corner_ink=0.78;markers_overlap
inlet_square,532.94,33.214,area=47;corner_ink=0.69;markers_overlap
inlet_square,533.43,32.244,area=88;corner_ink=0.47;markers_overlap
inlet_square,549.71,33.227,area=45;corner_ink=0.58;markers_overlap
inlet_square,567.69,33.289,area=43;corner_ink=0.64;markers_overlap
inlet_square,582.07,33.236,area=41;corner_ink=0.61;markers_overlap
inlet_square,583.26,32.315,area=75;corner_ink=0.56;markers_overlap
inlet_square,594.52,32.304,area=28;corner_ink=0.53;markers_overlap
effluent_circle,18.13,0.000,area=28;corner_ink=0.00;on_axis_line_rh_set_to_0
effluent_circle,33.84,0.000,area=31;corner_ink=0.00;on_axis_line_rh_set_to_0
effluent_circle,49.98,0.000,area=32;corner_ink=0.00;on_axis_line_rh_set_to_0
effluent_circle,66.49,0.000,area=29;corner_ink=0.00;on_axis_line_rh_set_to_0
effluent_circle,83.25,1.161,area=82;corner_ink=0.00
effluent_circle,100.42,4.601,area=72;corner_ink=0.08
effluent_circle,116.83,6.028,area=74;corner_ink=0.06
effluent_circle,133.38,6.927,area=73;corner_ink=0.06
effluent_circle,145.88,7.750,area=25;corner_ink=0.22
effluent_circle,153.88,7.349,area=31;corner_ink=0.28
effluent_circle,167.98,7.811,area=49;corner_ink=0.17
effluent_circle,184.95,8.396,area=39;corner_ink=0.17
effluent_circle,201.53,8.774,area=45;corner_ink=0.22
effluent_circle,217.46,8.998,area=45;corner_ink=0.17
effluent_circle,232.77,10.044,area=32;corner_ink=0.17
effluent_circle,234.74,9.441,area=30;corner_ink=0.22
effluent_circle,249.60,10.544,area=54;corner_ink=0.08
effluent_circle,266.84,11.896,area=76;corner_ink=0.03
effluent_circle,283.34,14.511,area=84;corner_ink=0.00
effluent_circle,296.11,20.939,area=43;corner_ink=0.19
effluent_circle,319.08,27.958,area=57;corner_ink=0.25
effluent_circle,333.37,29.807,area=81;corner_ink=0.03;markers_overlap
effluent_circle,350.46,31.059,area=77;corner_ink=0.08;markers_overlap
effluent_circle,366.60,31.505,area=75;corner_ink=0.03;markers_overlap
effluent_circle,383.33,31.686,area=75;corner_ink=0.11;markers_overlap
effluent_circle,400.30,32.059,area=106;corner_ink=0.25;markers_overlap
effluent_circle,416.42,32.091,area=100;corner_ink=0.31;markers_overlap
effluent_circle,433.37,32.231,area=104;corner_ink=0.44;markers_overlap
effluent_circle,449.92,32.201,area=103;corner_ink=0.36;markers_overlap
effluent_circle,466.81,32.121,area=110;corner_ink=0.25;markers_overlap
effluent_circle,483.59,32.102,area=103;corner_ink=0.28;markers_overlap
effluent_circle,483.61,33.169,area=28;corner_ink=0.44;markers_overlap
effluent_circle,500.13,32.267,area=88;corner_ink=0.39;markers_overlap
effluent_circle,516.86,32.156,area=69;corner_ink=0.08;markers_overlap
effluent_circle,550.07,32.257,area=83;corner_ink=0.44;markers_overlap
effluent_circle,566.72,32.213,area=75;corner_ink=0.31;markers_overlap
effluent_circle,593.96,33.103,area=14;corner_ink=0.42;markers_overlap
comsol_model_line,0.87,0.058,
comsol_model_line,1.74,0.087,
comsol_model_line,2.62,0.058,
comsol_model_line,3.49,0.058,
comsol_model_line,4.36,0.058,
comsol_model_line,5.23,0.058,
comsol_model_line,6.10,0.058,
comsol_model_line,6.98,0.058,
comsol_model_line,7.85,0.058,
comsol_model_line,8.72,0.058,
comsol_model_line,9.59,0.087,
comsol_model_line,10.47,0.087,
comsol_model_line,11.34,0.087,
comsol_model_line,12.21,0.087,
comsol_model_line,13.08,0.087,
comsol_model_line,13.95,0.058,
comsol_model_line,14.83,0.058,
comsol_model_line,15.70,0.058,
comsol_model_line,16.57,0.058,
comsol_model_line,17.44,0.058,
comsol_model_line,18.31,0.087,
comsol_model_line,19.19,0.087,
comsol_model_line,20.06,0.087,
comsol_model_line,20.93,0.058,
comsol_model_line,24.42,0.087,
comsol_model_line,25.29,0.058,
comsol_model_line,26.16,0.087,
comsol_model_line,27.03,0.087,
comsol_model_line,27.91,0.058,
comsol_model_line,28.78,0.087,
comsol_model_line,29.65,0.058,
comsol_model_line,30.52,0.087,
comsol_model_line,31.40,0.087,
comsol_model_line,32.27,0.087,
comsol_model_line,33.14,0.087,
comsol_model_line,43.60,0.058,
comsol_model_line,44.48,0.058,
comsol_model_line,45.35,0.087,
comsol_model_line,46.22,0.087,
comsol_model_line,47.09,0.058,
comsol_model_line,47.97,0.058,
comsol_model_line,48.84,0.058,
comsol_model_line,49.71,0.058,
comsol_model_line,50.58,0.058,
comsol_model_line,51.45,0.087,
comsol_model_line,52.33,0.087,
comsol_model_line,54.07,0.058,
comsol_model_line,64.53,0.058,
comsol_model_line,65.41,0.087,
comsol_model_line,66.28,0.058,
comsol_model_line,67.15,0.058,
comsol_model_line,68.02,0.058,
comsol_model_line,68.90,0.058,
comsol_model_line,69.77,0.058,
comsol_model_line,70.64,0.087,
comsol_model_line,71.51,0.087,
comsol_model_line,72.38,0.087,
comsol_model_line,73.26,0.087,
comsol_model_line,74.13,0.058,
comsol_model_line,85.47,0.058,
comsol_model_line,86.34,0.058,
comsol_model_line,87.21,0.087,
comsol_model_line,88.08,0.058,
comsol_model_line,88.95,0.058,
comsol_model_line,89.83,0.058,
comsol_model_line,90.70,0.058,
comsol_model_line,91.57,0.058,
comsol_model_line,92.44,0.058,
comsol_model_line,93.31,0.058,
comsol_model_line,94.19,0.087,
comsol_model_line,95.06,0.058,
comsol_model_line,95.93,0.058,
comsol_model_line,108.14,0.058,
comsol_model_line,109.01,0.087,
comsol_model_line,109.88,0.087,
comsol_model_line,110.76,0.087,
comsol_model_line,111.63,0.116,
comsol_model_line,112.50,0.087,
comsol_model_line,113.37,0.116,
comsol_model_line,114.24,0.116,
comsol_model_line,115.12,0.116,
comsol_model_line,115.99,0.087,
comsol_model_line,116.86,0.087,
comsol_model_line,117.73,0.087,
comsol_model_line,128.20,0.260,
comsol_model_line,129.07,0.405,
comsol_model_line,129.94,0.781,
comsol_model_line,130.81,1.446,
comsol_model_line,131.69,1.678,
comsol_model_line,132.56,2.632,
comsol_model_line,133.43,3.269,
comsol_model_line,134.30,3.674,
comsol_model_line,135.17,4.657,
comsol_model_line,136.05,5.033,
comsol_model_line,136.92,5.178,
comsol_model_line,137.79,5.727,
comsol_model_line,138.66,5.959,
comsol_model_line,139.53,6.277,
comsol_model_line,140.41,6.421,
comsol_model_line,141.28,6.566,
comsol_model_line,142.15,6.769,
comsol_model_line,143.02,6.855,
comsol_model_line,143.90,6.971,
comsol_model_line,144.77,7.116,
comsol_model_line,145.64,7.145,
comsol_model_line,146.51,7.260,
comsol_model_line,147.38,7.347,
comsol_model_line,148.26,7.405,
comsol_model_line,149.13,7.492,
comsol_model_line,150.00,7.579,
comsol_model_line,150.87,7.636,
comsol_model_line,151.74,7.694,
comsol_model_line,152.62,7.781,
comsol_model_line,153.49,7.810,
comsol_model_line,154.36,7.868,
comsol_model_line,155.23,7.897,
comsol_model_line,156.10,7.926,
comsol_model_line,156.98,8.012,
comsol_model_line,157.85,8.012,
comsol_model_line,158.72,8.070,
comsol_model_line,159.59,8.099,
comsol_model_line,160.47,8.157,
comsol_model_line,161.34,8.157,
comsol_model_line,162.21,8.244,
comsol_model_line,163.08,8.302,
comsol_model_line,163.95,8.302,
comsol_model_line,164.83,8.331,
comsol_model_line,165.70,8.360,
comsol_model_line,166.57,8.388,
comsol_model_line,167.44,8.417,
comsol_model_line,168.31,8.446,
comsol_model_line,169.19,8.504,
comsol_model_line,170.06,8.475,
comsol_model_line,170.93,8.533,
comsol_model_line,171.80,8.562,
comsol_model_line,172.67,8.562,
comsol_model_line,173.55,8.591,
comsol_model_line,174.42,8.649,
comsol_model_line,175.29,8.649,
comsol_model_line,176.16,8.649,
comsol_model_line,177.03,8.707,
comsol_model_line,177.91,8.707,
comsol_model_line,178.78,8.793,
comsol_model_line,179.65,8.764,
comsol_model_line,180.52,8.793,
comsol_model_line,181.40,8.822,
comsol_model_line,182.27,8.851,
comsol_model_line,183.14,8.851,
comsol_model_line,184.01,8.851,
comsol_model_line,184.88,8.909,
comsol_model_line,185.76,8.938,
comsol_model_line,186.63,8.967,
comsol_model_line,187.50,8.938,
comsol_model_line,188.37,8.996,
comsol_model_line,189.24,8.996,
comsol_model_line,190.12,9.054,
comsol_model_line,190.99,9.054,
comsol_model_line,191.86,9.054,
comsol_model_line,192.73,9.054,
comsol_model_line,193.60,9.083,
comsol_model_line,194.48,9.083,
comsol_model_line,195.35,9.140,
comsol_model_line,196.22,9.140,
comsol_model_line,197.09,9.169,
comsol_model_line,197.97,9.198,
comsol_model_line,198.84,9.198,
comsol_model_line,199.71,9.256,
comsol_model_line,200.58,9.256,
comsol_model_line,201.45,9.198,
comsol_model_line,202.33,9.227,
comsol_model_line,203.20,9.285,
comsol_model_line,204.07,9.285,
comsol_model_line,204.94,9.314,
comsol_model_line,205.81,9.314,
comsol_model_line,206.69,9.314,
comsol_model_line,207.56,9.314,
comsol_model_line,208.43,9.372,
comsol_model_line,209.30,9.314,
comsol_model_line,210.17,9.372,
comsol_model_line,211.05,9.372,
comsol_model_line,211.92,9.430,
comsol_model_line,212.79,9.430,
comsol_model_line,213.66,9.430,
comsol_model_line,214.53,9.459,
comsol_model_line,215.41,9.459,
comsol_model_line,216.28,9.488,
comsol_model_line,217.15,9.488,
comsol_model_line,218.02,9.488,
comsol_model_line,218.90,9.488,
comsol_model_line,219.77,9.517,
comsol_model_line,220.64,9.517,
comsol_model_line,221.51,9.574,
comsol_model_line,222.38,9.574,
comsol_model_line,223.26,9.574,
comsol_model_line,224.13,9.603,
comsol_model_line,225.00,9.632,
comsol_model_line,225.87,9.632,
comsol_model_line,226.74,9.661,
comsol_model_line,227.62,9.632,
comsol_model_line,228.49,9.661,
comsol_model_line,229.36,9.661,
comsol_model_line,230.23,9.661,
comsol_model_line,231.10,9.690,
comsol_model_line,231.98,9.690,
comsol_model_line,232.85,9.719,
comsol_model_line,233.72,9.719,
comsol_model_line,234.59,9.719,
comsol_model_line,235.47,9.777,
comsol_model_line,236.34,9.806,
comsol_model_line,237.21,9.777,
comsol_model_line,238.08,9.835,
comsol_model_line,238.95,9.835,
comsol_model_line,239.83,9.777,
comsol_model_line,240.70,9.835,
comsol_model_line,241.57,9.835,
comsol_model_line,242.44,9.864,
comsol_model_line,243.31,9.864,
comsol_model_line,244.19,9.893,
comsol_model_line,245.06,9.893,
comsol_model_line,245.93,9.921,
comsol_model_line,246.80,9.921,
comsol_model_line,247.67,9.921,
comsol_model_line,248.55,9.921,
comsol_model_line,249.42,9.921,
comsol_model_line,250.29,9.950,
comsol_model_line,251.16,9.950,
comsol_model_line,252.03,9.950,
comsol_model_line,252.91,9.979,
comsol_model_line,253.78,9.979,
comsol_model_line,254.65,9.979,
comsol_model_line,255.52,10.008,
comsol_model_line,256.40,10.066,
comsol_model_line,257.27,10.095,
comsol_model_line,258.14,10.095,
comsol_model_line,259.01,10.095,
comsol_model_line,259.88,10.095,
comsol_model_line,260.76,10.095,
comsol_model_line,261.63,10.095,
comsol_model_line,262.50,10.095,
comsol_model_line,263.37,10.124,
comsol_model_line,264.24,10.124,
comsol_model_line,265.12,10.124,
comsol_model_line,265.99,10.124,
comsol_model_line,266.86,10.153,
comsol_model_line,267.73,10.182,
comsol_model_line,268.60,10.211,
comsol_model_line,269.48,10.269,
comsol_model_line,270.35,10.269,
comsol_model_line,271.22,10.269,
comsol_model_line,272.09,10.269,
comsol_model_line,272.97,10.269,
comsol_model_line,273.84,10.298,
comsol_model_line,274.71,10.298,
comsol_model_line,275.58,10.326,
comsol_model_line,276.45,10.384,
comsol_model_line,277.33,10.384,
comsol_model_line,278.20,10.384,
comsol_model_line,279.07,10.384,
comsol_model_line,279.94,10.384,
comsol_model_line,280.81,10.384,
comsol_model_line,281.69,10.413,
comsol_model_line,282.56,10.471,
comsol_model_line,283.43,10.471,
comsol_model_line,284.30,10.471,
comsol_model_line,285.17,10.500,
comsol_model_line,286.05,10.529,
comsol_model_line,286.92,10.587,
comsol_model_line,287.79,10.702,
comsol_model_line,288.66,10.731,
comsol_model_line,289.53,10.818,
comsol_model_line,290.41,10.876,
comsol_model_line,291.28,10.905,
comsol_model_line,292.15,11.079,
comsol_model_line,293.02,11.136,
comsol_model_line,293.90,11.281,
comsol_model_line,294.77,11.715,
comsol_model_line,295.64,11.946,
comsol_model_line,296.51,12.207,
comsol_model_line,297.38,12.814,
comsol_model_line,298.26,13.479,
comsol_model_line,299.13,15.302,
comsol_model_line,300.00,16.140,
comsol_model_line,300.87,17.326,
comsol_model_line,301.74,20.103,
comsol_model_line,302.62,21.058,
comsol_model_line,303.49,21.665,
comsol_model_line,304.36,24.182,
comsol_model_line,305.23,24.818,
comsol_model_line,306.10,25.368,
comsol_model_line,306.98,26.091,
comsol_model_line,307.85,26.698,
comsol_model_line,308.72,27.074,
comsol_model_line,309.59,27.508,
comsol_model_line,310.47,27.913,
comsol_model_line,311.34,28.376,
comsol_model_line,312.21,28.579,
comsol_model_line,313.08,28.868,
comsol_model_line,313.95,29.273,
comsol_model_line,314.83,29.475,
comsol_model_line,315.70,29.736,
comsol_model_line,316.57,29.967,
comsol_model_line,317.44,30.198,
comsol_model_line,318.31,30.401,
comsol_model_line,319.19,30.574,
comsol_model_line,320.06,30.748,
comsol_model_line,320.93,30.921,
comsol_model_line,321.80,31.095,
comsol_model_line,322.67,31.240,
comsol_model_line,323.55,31.355,
comsol_model_line,324.42,31.471,
comsol_model_line,325.29,31.558,
comsol_model_line,326.16,31.645,
comsol_model_line,327.03,31.702,
comsol_model_line,327.91,31.760,
comsol_model_line,328.78,31.818,
comsol_model_line,329.65,31.876,
comsol_model_line,330.52,31.934,
comsol_model_line,331.40,31.992,
comsol_model_line,332.27,32.050,
comsol_model_line,333.14,32.107,
comsol_model_line,334.01,32.136,
comsol_model_line,334.88,32.194,
comsol_model_line,335.76,32.252,
comsol_model_line,336.63,32.252,
comsol_model_line,337.50,32.339,
comsol_model_line,338.37,32.368,
comsol_model_line,339.24,32.397,
comsol_model_line,340.12,32.397,
comsol_model_line,340.99,32.483,
comsol_model_line,341.86,32.483,
comsol_model_line,342.73,32.512,
comsol_model_line,343.60,32.512,
comsol_model_line,344.48,32.512,
comsol_model_line,345.35,32.570,
comsol_model_line,346.22,32.570,
comsol_model_line,347.09,32.599,
comsol_model_line,347.97,32.599,
comsol_model_line,348.84,32.657,
comsol_model_line,349.71,32.657,
comsol_model_line,350.58,32.657,
comsol_model_line,351.45,32.657,
comsol_model_line,352.33,32.657,
comsol_model_line,353.20,32.657,
comsol_model_line,354.07,32.657,
comsol_model_line,354.94,32.657,
comsol_model_line,355.81,32.628,
comsol_model_line,356.69,32.657,
comsol_model_line,357.56,32.628,
comsol_model_line,358.43,32.657,
comsol_model_line,359.30,32.628,
comsol_model_line,360.17,32.686,
comsol_model_line,361.05,32.657,
comsol_model_line,361.92,32.657,
comsol_model_line,362.79,32.686,
comsol_model_line,363.66,32.686,
comsol_model_line,364.53,32.686,
comsol_model_line,365.41,32.715,
comsol_model_line,366.28,32.715,
comsol_model_line,367.15,32.715,
comsol_model_line,368.02,32.686,
comsol_model_line,368.90,32.715,
comsol_model_line,369.77,32.715,
comsol_model_line,370.64,32.715,
comsol_model_line,371.51,32.715,
comsol_model_line,372.38,32.744,
comsol_model_line,373.26,32.744,
comsol_model_line,374.13,32.744,
comsol_model_line,375.00,32.744,
comsol_model_line,375.87,32.744,
comsol_model_line,376.74,32.715,
comsol_model_line,377.62,32.744,
comsol_model_line,378.49,32.744,
comsol_model_line,379.36,32.744,
comsol_model_line,380.23,32.744,
comsol_model_line,381.10,32.744,
comsol_model_line,381.98,32.744,
comsol_model_line,382.85,32.744,
comsol_model_line,383.72,32.744,
comsol_model_line,384.59,32.744,
comsol_model_line,385.47,32.744,
comsol_model_line,386.34,32.744,
comsol_model_line,387.21,32.744,
comsol_model_line,388.08,32.744,
comsol_model_line,388.95,32.744,
comsol_model_line,389.83,32.715,
comsol_model_line,390.70,32.744,
comsol_model_line,391.57,32.715,
comsol_model_line,392.44,32.715,
comsol_model_line,393.31,32.715,
comsol_model_line,394.19,32.715,
comsol_model_line,395.06,32.715,
comsol_model_line,395.93,32.715,
comsol_model_line,396.80,32.715,
comsol_model_line,397.67,32.715,
comsol_model_line,398.55,32.715,
comsol_model_line,399.42,32.715,
comsol_model_line,400.29,32.715,
comsol_model_line,401.16,32.715,
comsol_model_line,402.03,32.715,
comsol_model_line,402.91,32.715,
comsol_model_line,403.78,32.715,
comsol_model_line,404.65,32.715,
comsol_model_line,405.52,32.744,
comsol_model_line,406.40,32.715,
comsol_model_line,407.27,32.715,
comsol_model_line,408.14,32.744,
comsol_model_line,409.01,32.744,
comsol_model_line,409.88,32.744,
comsol_model_line,410.76,32.715,
comsol_model_line,411.63,32.744,
comsol_model_line,412.50,32.715,
comsol_model_line,413.37,32.715,
comsol_model_line,414.24,32.715,
comsol_model_line,415.12,32.715,
comsol_model_line,415.99,32.715,
comsol_model_line,416.86,32.715,
comsol_model_line,417.73,32.715,
comsol_model_line,418.60,32.715,
comsol_model_line,419.48,32.715,
comsol_model_line,420.35,32.715,
comsol_model_line,421.22,32.715,
comsol_model_line,422.09,32.744,
comsol_model_line,422.97,32.715,
comsol_model_line,423.84,32.773,
comsol_model_line,424.71,32.715,
comsol_model_line,425.58,32.744,
comsol_model_line,426.45,32.773,
comsol_model_line,427.33,32.715,
comsol_model_line,428.20,32.715,
comsol_model_line,429.07,32.744,
comsol_model_line,429.94,32.744,
comsol_model_line,430.81,32.744,
comsol_model_line,431.69,32.715,
comsol_model_line,432.56,32.715,
comsol_model_line,433.43,32.744,
comsol_model_line,434.30,32.715,
comsol_model_line,435.17,32.715,
comsol_model_line,436.05,32.744,
comsol_model_line,436.92,32.744,
comsol_model_line,437.79,32.744,
comsol_model_line,438.66,32.744,
comsol_model_line,439.53,32.744,
comsol_model_line,440.41,32.773,
comsol_model_line,441.28,32.715,
comsol_model_line,442.15,32.715,
comsol_model_line,443.02,32.715,
comsol_model_line,443.90,32.744,
comsol_model_line,444.77,32.744,
comsol_model_line,445.64,32.744,
comsol_model_line,446.51,32.715,
comsol_model_line,447.38,32.744,
comsol_model_line,448.26,32.744,
comsol_model_line,449.13,32.744,
comsol_model_line,450.00,32.715,
comsol_model_line,450.87,32.744,
comsol_model_line,451.74,32.744,
comsol_model_line,452.62,32.715,
comsol_model_line,453.49,32.715,
comsol_model_line,454.36,32.744,
comsol_model_line,455.23,32.744,
comsol_model_line,456.10,32.744,
comsol_model_line,456.98,32.715,
comsol_model_line,457.85,32.715,
comsol_model_line,458.72,32.715,
comsol_model_line,459.59,32.715,
comsol_model_line,460.47,32.715,
comsol_model_line,461.34,32.715,
comsol_model_line,462.21,32.715,
comsol_model_line,463.08,32.715,
comsol_model_line,463.95,32.715,
comsol_model_line,464.83,32.744,
comsol_model_line,465.70,32.744,
comsol_model_line,466.57,32.744,
comsol_model_line,467.44,32.744,
comsol_model_line,468.31,32.715,
comsol_model_line,469.19,32.715,
comsol_model_line,470.06,32.715,
comsol_model_line,470.93,32.715,
comsol_model_line,471.80,32.715,
comsol_model_line,472.67,32.715,
comsol_model_line,473.55,32.715,
comsol_model_line,474.42,32.715,
comsol_model_line,475.29,32.715,
comsol_model_line,476.16,32.744,
comsol_model_line,477.03,32.715,
comsol_model_line,477.91,32.744,
comsol_model_line,478.78,32.715,
comsol_model_line,479.65,32.715,
comsol_model_line,480.52,32.715,
comsol_model_line,481.40,32.715,
comsol_model_line,482.27,32.715,
comsol_model_line,483.14,32.715,
comsol_model_line,484.01,32.715,
comsol_model_line,484.88,32.715,
comsol_model_line,485.76,32.715,
comsol_model_line,486.63,32.715,
comsol_model_line,487.50,32.715,
comsol_model_line,488.37,32.715,
comsol_model_line,489.24,32.744,
comsol_model_line,490.12,32.715,
comsol_model_line,490.99,32.744,
comsol_model_line,491.86,32.744,
comsol_model_line,492.73,32.744,
comsol_model_line,493.60,32.715,
comsol_model_line,494.48,32.744,
comsol_model_line,495.35,32.744,
comsol_model_line,496.22,32.715,
comsol_model_line,497.09,32.715,
comsol_model_line,497.97,32.715,
comsol_model_line,498.84,32.715,
comsol_model_line,499.71,32.715,
comsol_model_line,500.58,32.715,
comsol_model_line,501.45,32.715,
comsol_model_line,502.33,32.715,
comsol_model_line,503.20,32.715,
comsol_model_line,504.07,32.744,
comsol_model_line,504.94,32.773,
comsol_model_line,505.81,32.715,
comsol_model_line,506.69,32.744,
comsol_model_line,507.56,32.715,
comsol_model_line,508.43,32.715,
comsol_model_line,509.30,32.744,
comsol_model_line,510.17,32.715,
comsol_model_line,511.05,32.715,
comsol_model_line,511.92,32.715,
comsol_model_line,512.79,32.744,
comsol_model_line,513.66,32.744,
comsol_model_line,514.53,32.744,
comsol_model_line,515.41,32.715,
comsol_model_line,516.28,32.715,
comsol_model_line,517.15,32.715,
comsol_model_line,518.02,32.715,
comsol_model_line,518.90,32.744,
comsol_model_line,519.77,32.715,
comsol_model_line,520.64,32.715,
comsol_model_line,521.51,32.715,
comsol_model_line,522.38,32.715,
comsol_model_line,523.26,32.715,
comsol_model_line,524.13,32.715,
comsol_model_line,525.00,32.715,
comsol_model_line,525.87,32.744,
comsol_model_line,526.74,32.744,
comsol_model_line,527.62,32.715,
comsol_model_line,528.49,32.744,
comsol_model_line,529.36,32.715,
comsol_model_line,530.23,32.744,
comsol_model_line,531.10,32.715,
comsol_model_line,531.98,32.715,
comsol_model_line,532.85,32.744,
comsol_model_line,533.72,32.715,
comsol_model_line,534.59,32.715,
comsol_model_line,535.47,32.715,
comsol_model_line,536.34,32.715,
comsol_model_line,537.21,32.744,
comsol_model_line,538.08,32.715,
comsol_model_line,538.95,32.744,
comsol_model_line,539.83,32.715,
comsol_model_line,540.70,32.744,
comsol_model_line,541.57,32.715,
comsol_model_line,542.44,32.744,
comsol_model_line,543.31,32.715,
comsol_model_line,544.19,32.773,
comsol_model_line,545.06,32.715,
comsol_model_line,545.93,32.715,
comsol_model_line,546.80,32.715,
comsol_model_line,547.67,32.715,
comsol_model_line,548.55,32.715,
comsol_model_line,549.42,32.715,
comsol_model_line,550.29,32.715,
comsol_model_line,551.16,32.715,
comsol_model_line,552.03,32.715,
comsol_model_line,552.91,32.715,
comsol_model_line,553.78,32.715,
comsol_model_line,554.65,32.744,
comsol_model_line,555.52,32.773,
comsol_model_line,556.40,32.715,
comsol_model_line,557.27,32.744,
comsol_model_line,558.14,32.715,
comsol_model_line,559.01,32.744,
comsol_model_line,559.88,32.715,
comsol_model_line,560.76,32.773,
comsol_model_line,561.63,32.744,
comsol_model_line,562.50,32.744,
comsol_model_line,563.37,32.715,
comsol_model_line,564.24,32.686,
comsol_model_line,565.12,32.686,
comsol_model_line,565.99,32.686,
comsol_model_line,566.86,32.686,
comsol_model_line,567.73,32.715,
comsol_model_line,568.60,32.715,
comsol_model_line,569.48,32.715,
comsol_model_line,570.35,32.715,
comsol_model_line,571.22,32.744,
comsol_model_line,572.09,32.773,
comsol_model_line,572.97,32.744,
comsol_model_line,573.84,32.715,
comsol_model_line,574.71,32.744,
comsol_model_line,575.58,32.744,
comsol_model_line,576.45,32.715,
comsol_model_line,577.33,32.744,
comsol_model_line,578.20,32.773,
comsol_model_line,579.07,32.744,
comsol_model_line,579.94,32.715,
comsol_model_line,580.81,32.715,
comsol_model_line,581.69,32.715,
comsol_model_line,582.56,32.715,
comsol_model_line,583.43,32.715,
comsol_model_line,584.30,32.715,
comsol_model_line,585.17,32.715,
comsol_model_line,586.05,32.715,
comsol_model_line,586.92,32.744,
comsol_model_line,587.79,32.744,
comsol_model_line,588.66,32.744,
comsol_model_line,589.53,32.715,
comsol_model_line,590.41,32.744,
comsol_model_line,591.28,32.715,
comsol_model_line,592.15,32.744,
comsol_model_line,593.02,32.715,
comsol_model_line,593.90,32.744,
comsol_model_line,594.77,32.773,
comsol_model_line,595.64,32.715,
comsol_model_line,596.51,32.715,
comsol_model_line,597.38,32.715,
comsol_model_line,598.26,32.686,
comsol_model_line,599.13,32.628,
